record_type,scenario_id,scenario_seed,steps_executed,termination,extinguished_at_step,burned_cells,burned_percent,cell_updates,initialization_seconds,simulation_seconds,step_compute_seconds,swap_seconds,mean_step_seconds,min_step_seconds,max_step_seconds,total_core_seconds,throughput_cell_updates_per_second,mean_scenario_seconds,completed_scenarios,extinguished_scenarios,max_steps_scenarios,valid_cells,nodata_cells,non_combustible_cells,initially_combustible_cells,burned_hectares,combustible_burned_percent,terrain_load_seconds,host_initialization_seconds,device_allocation_seconds,host_to_device_seconds,device_initialization_seconds,device_to_host_seconds,scenario_wall_seconds,cuda_startup_seconds,cuda_release_seconds
scenario,0,3448303988357642629,2048,max_steps,-1,3553036,84.710979461669921875,8589934592,0.18419061400000000250365417287,35.0965832719999966116120049264,35.0953992580000146972452057526,0.00015392400000000181479499483661,0.0171370035507812483455136742805,0.0084471770000000001576978547746,0.035421049000000003059707154307,35.2807738859999986402726790402,244751306.00114676356315612793,,,,,4194304,0,210289,3984015,,89.1822947453762111535979784094,,0,0,0,0,0,0,,
scenario,1,1661078409511556752,2048,max_steps,-1,3536578,84.3185901641845703125,8589934592,0.183672349000000012519961956059,34.9616771950000000401814759243,34.9600115000000073450792115182,0.000348627999999998560137076664134,0.0170711314428710937696198612912,0.00851649900000000029121061118076,0.0356284170000000025013697779741,35.1453495439999983318557497114,245695724.037760943174362182617,,,,,4194304,0,209823,3984481,,88.7588120008603311816841596738,,0,0,0,0,0,0,,
scenario,2,12318076474056867195,2048,max_steps,-1,3540438,84.4106197357177734375,8589934592,0.184139183000000011825036949631,35.2110894260000009126088116318,35.2096437609998886841822240967,0.000343106000000001712130909270471,0.0171929147587890629456097713046,0.00860038200000000016554047022055,0.034766141000000000405023570238,35.3952286090000001195221557282,243955376.900584042072296142578,,,,,4194304,0,209314,3984990,,88.8443383797700931836516247131,,0,0,0,0,0,0,,
scenario,3,10981046395138439440,2048,max_steps,-1,3549272,84.62123870849609375,8589934592,0.18321930699999999792026983414,35.3649698230000026910602173302,35.3637959229999268018218572251,0.000163365000000002119628916830152,0.0172680516713867200639942467433,0.0084738869999999993920525298563,0.037002764000000000488288520728,35.5481891300000043543150241021,242893875.917107105255126953125,,,,,4194304,0,209356,3984948,,89.0669589665912866394137381576,,0,0,0,0,0,0,,
scenario,4,2372613389500062495,2048,max_steps,-1,3545085,84.52141284942626953125,8589934592,0.185480846000000004769603378918,35.0824977369999970733260852285,35.0813832599998249861528165638,8.96699999999992956260103094124e-05,0.017130125848144529820960002553,0.00851703000000000008673506357582,0.0259977140000000016273329350724,35.2679785829999943302937026601,244849573.037685006856918334961,,,,,4194304,0,209776,3984528,,88.9712658563322946747575770132,,0,0,0,0,0,0,,
scenario,5,5989941489866675944,2048,max_steps,-1,3540786,84.4189167022705078125,8589934592,0.183575715000000000420854462391,34.8817229900000000952786649577,34.8800897570001282588236790616,0.0002654620000000017352066727927,0.0170320913037109375465227856239,0.00851375400000000011335732352791,0.0242981370000000009012897095317,35.0652987050000035651464713737,246258895.939933627843856811523,,,,,4194304,0,209448,3984856,,88.8560590395236431504599750042,,0,0,0,0,0,0,,
scenario,6,11885432127967482550,2048,max_steps,-1,3540652,84.415721893310546875,8589934592,0.183780902999999995461877233538,35.0319110659999992662960721646,35.0305094780000771947925386485,0.000139735000000001182048070536013,0.0171054253251953121417461289866,0.00857547399999999959696594942216,0.0245297200000000013841994217501,35.2156919689999980960237735417,245203139.954785585403442382812,,,,,4194304,0,209923,3984381,,88.8632889274394131007284158841,,0,0,0,0,0,0,,
scenario,7,2917815717847516993,2048,max_steps,-1,3544469,84.50672626495361328125,8589934592,0.185186834999999994089137089759,35.5443670679999996764308889396,35.543154446000066570832132129,9.15529999999994129533317788194e-05,0.0173556479824218748420072699901,0.008648037000000000779076358981,0.0322051130000000004893756511137,35.7295539030000028901667974424,241667957.557566821575164794922,,,,,4194304,0,210329,3983975,,88.9681536656229070558765670285,,0,0,0,0,0,0,,
scenario,8,4832274043363942612,2048,max_steps,-1,3543112,84.47437286376953125,8589934592,0.171807439000000006235069349714,35.1217120080000029247457860038,35.121108342999910689741227543,8.44659999999994857197010977856e-05,0.0171492734414062514280985283222,0.00854163699999999949385998121443,0.0281942409999999983594154429056,35.293519447000001321157469647,244576192.357690006494522094727,,,,,4194304,0,209674,3984630,,88.9194730752918047755883890204,,0,0,0,0,0,0,,
scenario,9,14948879451253332277,2048,max_steps,-1,3539802,84.3954563140869140625,8589934592,0.170878945000000004306173195801,34.8994497629999997911909304094,34.8983248040000262335524894297,0.00013974800000000070910981253558,0.0170407469545898436480424464889,0.00858042099999999953452434198198,0.0242386240000000002803304255394,35.0703287079999981301625666674,246133811.573927760124206542969,,,,,4194304,0,210071,3984233,,88.8452557869984076432956499048,,0,0,0,0,0,0,,
scenario,10,14498551043408648267,2048,max_steps,-1,3541375,84.43295955657958984375,8589934592,0.172665491000000004273573495084,35.0559134909999983165107551031,35.0552285879999985240829118993,7.04729999999997435301130055407e-05,0.0171171452592773429279837671402,0.0086056599999999993516608398636,0.024193400999999999795297966898,35.2285789819999948235818010289,245035251.875701874494552612305,,,,,4194304,0,210044,3984260,,88.884134067555834235463407822,,0,0,0,0,0,0,,
scenario,11,10294643696719854755,2048,max_steps,-1,3532740,84.227085113525390625,8589934592,0.172431746999999996328156726122,35.6037289570000012872696970589,35.6029571720000461709787487052,0.000106240999999999269614442409804,0.0173846332797851568785496567671,0.00873913899999999993495336525484,0.0349706229999999992918979785372,35.7761607039999987023293215316,241265025.985744237899780273438,,,,,4194304,0,209920,3984384,,88.6646467810331557757308473811,,0,0,0,0,0,0,,
scenario,12,4272874766824154803,2048,max_steps,-1,3549552,84.6279144287109375,8589934592,0.173397166999999990943948091626,35.075352999000003251239832025,35.0747644540001246582505700644,0.000117057999999999311907528110055,0.017126637206542970337519449231,0.00854558400000000016605294916872,0.0331899559999999996251496270361,35.2487501660000006609152478632,244899448.118024617433547973633,,,,,4194304,0,210447,3983857,,89.0983787821701440634569735266,,0,0,0,0,0,0,,
scenario,13,9800176906341358510,2048,max_steps,-1,3534610,84.2716693878173828125,8589934592,0.170646874000000003945842763642,34.938160578999998051585862413,34.9372710880000454380933661014,0.000132313999999999695744712369105,0.0170596487202148427986259093814,0.00856734500000000051556092728333,0.0401978299999999968972197450512,35.1088074529999971673532854766,245861100.002015650272369384766,,,,,4194304,0,209558,3984746,,88.7035208768639193976923706941,,0,0,0,0,0,0,,
scenario,14,3770502660363133204,2048,max_steps,-1,3545798,84.5384120941162109375,8589934592,0.172255191000000001944059135894,35.0961162899999976616527419537,35.0954402860000271857643383555,0.00010783499999999945797961309335,0.0171367755322265613582288779071,0.008601111999999999299659769747,0.0385939049999999977957898522618,35.2683714809999955264174786862,244754562.613742709159851074219,,,,,4194304,0,209660,3984644,,88.9865694400804727592912968248,,0,0,0,0,0,0,,
scenario,15,13474834929945784015,2048,max_steps,-1,3537011,84.32891368865966796875,8589934592,0.172619802999999988335488865232,35.6259654609999998342573235277,35.6252498359999805188635946251,0.000102578999999999344316936600308,0.0173954909477539061690709587538,0.00868156999999999956507679144124,0.039446654999999997137649643264,35.7985852640000032920397643466,241114436.643224805593490600586,,,,,4194304,0,209995,3984309,,88.7735112914184156807095860131,,0,0,0,0,0,0,,
scenario,16,16019027577486070615,2048,max_steps,-1,3539139,84.37964916229248046875,8589934592,0.180566797000000001105490810005,35.109769751000001747343048919,35.1091934819999735850615252275,7.94719999999997703645296387442e-05,0.017143442261230469603194848105,0.00860873300000000035714364798878,0.02971356600000000028338753566,35.2903365479999990839132806286,244659382.642500519752502441406,,,,,4194304,0,209506,3984798,,88.8160202850935007745647453703,,0,0,0,0,0,0,,
scenario,17,16762886090601466566,2048,max_steps,-1,3534058,84.2585086822509765625,8589934592,0.171132506999999989272254197203,34.950552833999999791103618918,34.9495360179999110528115124907,0.000153675000000000767366378773282,0.0170656996259765623979998139248,0.00857695399999999948115192438536,0.0244909640000000004833591304987,35.1216853410000027224668883719,245773926.175029963254928588867,,,,,4194304,0,209705,3984599,,88.6929399922049839233295642771,,0,0,0,0,0,0,,
scenario,18,2649783437019456885,2048,max_steps,-1,3538456,84.36336517333984375,8589934592,0.171315004999999992429948747485,35.1774330029999973135090840515,35.1766627600000276743230642751,0.00011945699999999934094643133653,0.017176480958496092438236857447,0.00860439699999999974000530755802,0.0330398640000000021199610955591,35.3487480079999940585366857704,244188784.078344613313674926758,,,,,4194304,0,209246,3985058,,88.7930865749005420184403192252,,0,0,0,0,0,0,,
scenario,19,7204738870280956452,2048,max_steps,-1,3541503,84.43601131439208984375,8589934592,0.174734159999999999479669554603,35.4784132139999996979895513505,35.4776789610000520269750268199,7.60829999999992646073435076381e-05,0.0173234439521484373525339606203,0.00861316099999999938707784252756,0.0347561369999999994484518595073,35.6531473739999995586913428269,242117214.774711489677429199219,,,,,4194304,0,209635,3984669,,88.8782230092386527076087077148,,0,0,0,0,0,0,,
scenario,20,15530683083144355507,2048,max_steps,-1,3527133,84.09340381622314453125,8589934592,0.170208121999999989482077467073,35.2055304829999968774245644454,35.2049248710000171058709383942,8.98509999999992588258848624783e-05,0.0171902004311523422253049631081,0.00863398100000000064124794363352,0.0296705750000000011146195078027,35.3757386049999951183053781278,243993897.383477777242660522461,,,,,4194304,0,209755,3984549,,88.5202566212637833586995839141,,0,0,0,0,0,0,,
scenario,21,2386073017160310222,2048,max_steps,-1,3540723,84.41741466522216796875,8589934592,0.169924350000000001781330638551,34.8790803919999987670053087641,34.8780877010000054383453971241,0.000135536000000000174132291919094,0.0170308009726562493979518109199,0.00852157899999999961238028589605,0.024470505000000000034310332353,35.0490047420000010447438398842,246277553.635566055774688720703,,,,,4194304,0,209441,3984863,,88.8543219679070546135335462168,,0,0,0,0,0,0,,
scenario,22,13918325166352582667,2048,max_steps,-1,3549319,84.62235927581787109375,8589934592,0.17174942100000001321546960753,35.0984347280000008595379767939,35.0975432479999867041442485061,0.000107581999999999242036835545022,0.0171379075820312504196962777314,0.00862759199999999989993959559342,0.0244791580000000008610072654847,35.2701841490000020939987734891,244738395.275141000747680664062,,,,,4194304,0,209859,3984445,,89.0793824484965881538300891407,,0,0,0,0,0,0,,
scenario,23,2373189266717045736,2048,max_steps,-1,3545750,84.5372676849365234375,8589934592,0.170827116000000001072578470485,35.5292572649999982559165800922,35.528566557999951669444271829,7.33689999999997510393007216223e-05,0.0173482701489257803983967676231,0.0086015390000000000597646376832,0.0350891870000000008489315916904,35.7000843809999963696100166999,241770733.565600752830505371094,,,,,4194304,0,209974,3984330,,88.9923776394023633429242181592,,0,0,0,0,0,0,,
scenario,24,10319489034398991126,2048,max_steps,-1,3542931,84.47005748748779296875,8589934592,0.172238144000000009681272672424,35.0938593420000017886195564643,35.0932648800000279720734397415,8.54339999999992907820864362911e-05,0.0171356735068359383733493928048,0.00856559200000000034447289465334,0.0260150770000000010340190925717,35.266097485999999605610355502,244770303.211412459611892700195,,,,,4194304,0,210564,3983740,,88.9347949414369480791719979607,,0,0,0,0,0,0,,
scenario,25,6253942909806943063,2048,max_steps,-1,3546932,84.565448760986328125,8589934592,0.170401156999999997543326912819,34.862260351999999841154931346,34.8614055810000564861184102483,9.87059999999996068786520253546e-05,0.0170225880624999999224389313213,0.00850877400000000019830714848013,0.0243597849999999983838794292978,35.032661509000000421565346187,246396375.486513942480087280273,,,,,4194304,0,209971,3984333,,89.0219768277400476108596194535,,0,0,0,0,0,0,,
scenario,26,16439872326485540901,2048,max_steps,-1,3549327,84.62255001068115234375,8589934592,0.171857897000000009457565397497,35.0092402690000028542272048071,35.0084826230000203395320568234,8.31089999999995866341445660552e-05,0.0170943556000976576436656273472,0.00854523499999999998355537655925,0.0264769439999999987855883176735,35.1810981660000052784198487643,245361925.194538384675979614258,,,,,4194304,0,210228,3984076,,89.087833665823637829817016609,,0,0,0,0,0,0,,
scenario,27,4796146157406589609,2048,max_steps,-1,3540189,84.40468311309814453125,8589934592,0.171254767000000002186155256823,35.6601538290000021902415028308,35.6593626140000097279880719725,9.46139999999996467346108364183e-05,0.0174121844868164073194538588041,0.00868233099999999972939956904838,0.0337478260000000016005650138595,35.831408596000002830805897247,240883273.616570442914962768555,,,,,4194304,0,209952,3984352,,88.8523152572865058118622982875,,0,0,0,0,0,0,,
scenario,28,9481548972010564609,2048,max_steps,-1,3540246,84.4060420989990234375,8589934592,0.171612609999999998766639919268,35.1363387509999967051044222899,35.1357662330000124484286061488,8.42989999999995261127302970117e-05,0.0171564154057617171411642686962,0.00862194900000000027939783819875,0.0304957679999999994868709052298,35.3079513609999935397354420274,244474378.872372597455978393555,,,,,4194304,0,210108,3984196,,88.8572248955623678057236247696,,0,0,0,0,0,0,,
scenario,29,8213960253821351533,2048,max_steps,-1,3523591,84.00895595550537109375,8589934592,0.169909322000000001517960868114,35.0831805540000019050239643548,35.0822277829999507048341911286,0.000126223999999999948870219035335,0.0171304592548828134301874825951,0.00861532700000000074835870833567,0.0243958729999999984761061000427,35.2530898760000042102547013201,244844807.57890179753303527832,,,,,4194304,0,209855,3984449,,88.433582660990268209388887044,,0,0,0,0,0,0,,
scenario,30,714673986433336063,2048,max_steps,-1,3547449,84.57777500152587890625,8589934592,0.172277475000000013238832252682,35.1182307469999983595698722638,35.1174826760000300396313832607,0.000107785999999999811322683174186,0.0171475736069335929490087266913,0.00854513500000000057743587689174,0.0244049879999999989876879880057,35.2905082219999997050763340667,244600437.131469160318374633789,,,,,4194304,0,209918,3984386,,89.0337683146160969727134215645,,0,0,0,0,0,0,,
scenario,31,9111781579187597550,2048,max_steps,-1,3545249,84.52532291412353515625,8589934592,0.171187310000000009191367666972,35.3955035930000008193019311875,35.3947980599999851847314857878,8.22599999999998256639682781e-05,0.0172829607387695316500497710877,0.00864363800000000036261038616203,0.0350643910000000003091003009104,35.5666909030000013558492355514,242684344.621071875095367431641,,,,,4194304,0,209810,3984494,,88.9761410106276997566965292208,,0,0,0,0,0,0,,
scenario,32,10100142519209432657,2048,max_steps,-1,3550972,84.661769866943359375,8589934592,0.17285678500000001278635863855,35.1850320510000003082495823037,35.1844310339999069014993438032,9.97019999999996359672793655449e-05,0.0171801914311523439005124913592,0.00848120200000000018514256794333,0.0379037080000000012325322984452,35.3578888360000007651251507923,244136045.678431153297424316406,,,,,4194304,0,209395,3984909,,89.1104916072111024050173000433,,0,0,0,0,0,0,,
scenario,33,8317168213616617076,2048,max_steps,-1,3544503,84.50753688812255859375,8589934592,0.168170013000000007075129815348,34.8808752460000022210806491785,34.879778611000098464955954114,0.000136355999999999776646150695392,0.0170316773662109385845120357317,0.00853447300000000075304029678591,0.0244317510000000015502052974625,35.0490452590000032273565011565,246264881.010549157857894897461,,,,,4194304,0,209795,3984509,,88.9570835453000654524657875299,,0,0,0,0,0,0,,
scenario,34,6458405051256048816,2048,max_steps,-1,3542542,84.4607830047607421875,8589934592,0.171712462000000010142741757591,35.0622045949999971981014823541,35.0613556219998798724191146903,0.000127547999999999978884210327656,0.0171202170874023423818854894307,0.00862188099999999964240249283876,0.0421759410000000015128485131299,35.2339170569999993176679708995,244991285.950825721025466918945,,,,,4194304,0,210315,3983989,,88.9194724182220426200728979893,,0,0,0,0,0,0,,
scenario,35,10606046750421400511,2048,max_steps,-1,3525218,84.0477466583251953125,8589934592,0.170148420999999994140949866051,35.5131377570000026366869860794,35.5124515940000264890841208398,7.84049999999997753287808710532e-05,0.0173403992954101575374448174216,0.00876464700000000040969183601192,0.0328740110000000015921806095776,35.6832861780000030194059945643,241880473.946767389774322509766,,,,,4194304,0,209742,3984562,,88.4719073263259616624054615386,,0,0,0,0,0,0,,
scenario,36,508843797637671716,2048,max_steps,-1,3538282,84.3592166900634765625,8589934592,0.174338108999999991111096164786,35.0947757080000002360975486226,35.0941603130000814303457445931,8.69319999999993364096090298077e-05,0.0171361209511718751152820061634,0.00858050999999999952638773947911,0.026297681999999999308270659526,35.2691138169999973683843563776,244763911.970005512237548828125,,,,,4194304,0,209329,3984975,,88.7905695769735103795028408058,,0,0,0,0,0,0,,
scenario,37,9773786394282845660,2048,max_steps,-1,3548940,84.613323211669921875,8589934592,0.168900432999999988714634469034,34.8565479869999990114592947066,34.8555470630000172604923136532,0.000129865000000000139828912337769,0.0170197988217773432673141087434,0.00852614699999999954560525594616,0.0241367299999999986026555376384,35.0254484199999964744165481534,246436755.447030454874038696289,,,,,4194304,0,210147,3984157,,89.0763089908354572798998560756,,0,0,0,0,0,0,,
scenario,38,17892622749953834542,2048,max_steps,-1,3543789,84.49051380157470703125,8589934592,0.16999093200000001124827520016,34.9937380249999989700881997123,34.9929771759998757829634996597,9.36249999999998362828698694749e-05,0.0170867861450195307471133787658,0.00859499000000000026866509017509,0.0247450539999999989670964595234,35.1637289569999964555790938903,245470620.653993427753448486328,,,,,4194304,0,209899,3984405,,88.9414856170494658726966008544,,0,0,0,0,0,0,,
scenario,39,3014790579762299671,2048,max_steps,-1,3548165,84.59484577178955078125,8589934592,0.169447383000000006969543164814,35.3628586720000015475307009183,35.3621138329999951110949041322,7.80919999999995091384888401542e-05,0.0172670208359375007556302250578,0.0086184699999999996034016902513,0.0289720369999999990962002982542,35.532306054999999389565346064,242908376.601392626762390136719,,,,,4194304,0,209345,3984959,,89.0389336502583859100923291408,,0,0,0,0,0,0,,
scenario,40,7704371462619334778,2048,max_steps,-1,3548748,84.608745574951171875,8589934592,0.171676132000000009059093031283,35.0225638470000006918780854903,35.0219726510000768371355661657,7.89739999999996541762622981331e-05,0.0171008612534179690878310964308,0.00856607300000000043693759721464,0.0259765240000000008357972092199,35.1942399790000024495384423062,245268582.549412786960601806641,,,,,4194304,0,209956,3984348,,89.0672200319851583572017261758,,0,0,0,0,0,0,,
scenario,41,7011014140169140845,2048,max_steps,-1,3534454,84.2679500579833984375,8589934592,0.170072673000000007537124702139,34.9621888269999985254798957612,34.9611386239999077929496706929,0.000125833999999999608708847742555,0.0170713812631835930300194803522,0.00859468700000000015992718260804,0.024201813999999998577861148874,35.1322614999999984775058692321,245692128.559362769126892089844,,,,,4194304,0,209805,3984499,,88.7051044560432870866861776449,,0,0,0,0,0,0,,
scenario,42,18161683642464131754,2048,max_steps,-1,3555396,84.767246246337890625,8589934592,0.172071886000000007221899522847,35.0051527640000017527199815959,35.0042993860001061534603650216,9.44509999999993841903606073274e-05,0.0170923597480468758558203035136,0.00856706599999999991734700444113,0.0242143060000000014120313807098,35.1772246499999994284735294059,245390575.779291003942489624023,,,,,4194304,0,210025,3984279,,89.2356182887794773250789148733,,0,0,0,0,0,0,,
scenario,43,1053852287244639987,2048,max_steps,-1,3544293,84.50253009796142578125,8589934592,0.173142715000000002589786163298,35.3881534200000018586251826491,35.3873689349999693831705371849,8.12699999999996471012828069824e-05,0.0172793717871093759075318274654,0.00863469199999999936778749543009,0.0326352680000000019977512977221,35.561296134999999196679709712,242734750.5265789031982421875,,,,,4194304,0,209743,3984561,,88.9506522801382573106820927933,,0,0,0,0,0,0,,
scenario,44,6748440734431008690,2048,max_steps,-1,3552431,84.69655513763427734375,8589934592,0.171552987999999989598975957961,35.0650140300000003890090738423,35.0644303959999419362247863319,8.20619999999996490051487607609e-05,0.0171215888818359376899458368371,0.0085031240000000007928093737064,0.0290001969999999983929050983988,35.2365670180000023492539185099,244971657.066808819770812988281,,,,,4194304,0,209853,3984451,,89.157351916236393662984482944,,0,0,0,0,0,0,,
scenario,45,16658048652742311024,2048,max_steps,-1,3543543,84.48464870452880859375,8589934592,0.1701014379999999936998733574,34.8782471540000003074055712204,34.8771597270000697221803420689,0.000133438000000000317208509459377,0.0170303941181640626501003765725,0.00850277299999999992830002071287,0.0243017040000000003607816267959,35.0483485920000035207522159908,246283437.182847827672958374023,,,,,4194304,0,210355,3983949,,88.9454910190868446306922123767,,0,0,0,0,0,0,,
scenario,46,10817395903904639492,2048,max_steps,-1,3545637,84.53457355499267578125,8589934592,0.170020989000000011248658893237,34.9742485989999991602417139802,34.9732867549999539846794505138,0.000101228999999999460580359100792,0.0170772698237304683399617744044,0.0086158799999999993723953650715,0.0249280509999999996817443559394,35.1442695880000002262022462673,245607409.339613586664199829102,,,,,4194304,0,209477,3984827,,88.9784424769255934961620368995,,0,0,0,0,0,0,,
scenario,47,161041116136160579,2048,max_steps,-1,3539934,84.3986034393310546875,8589934592,0.172109627999999986736057167036,35.4074766510000031871641112957,35.4067902070000428693674621172,6.98799999999996087696532698352e-05,0.0172888069584960953062324762186,0.00866823499999999982912335383389,0.0351125720000000016152164050709,35.5795862790000043673899199348,242602280.774430632591247558594,,,,,4194304,0,209582,3984722,,88.8376654632368314423729316331,,0,0,0,0,0,0,,
scenario,48,8413068337286523254,2048,max_steps,-1,3551949,84.68506336212158203125,8589934592,0.170503371999999986385887495999,35.0713291120000008049828466028,35.0707294419999868750892346725,8.33269999999995360966467683461e-05,0.0171246724179687503930580305678,0.00852214899999999969670838595448,0.0295195289999999992136547888322,35.2418324839999996811457094736,244927546.502960145473480224609,,,,,4194304,0,210216,3984088,,89.153377134240002988008200191,,0,0,0,0,0,0,,
scenario,49,1903263120640792973,2048,max_steps,-1,3569715,85.10863780975341796875,8589934592,0.17048991599999999135839345854,34.7345814620000012951095413882,34.7334831639999634944615536369,0.000133794999999999948041631836482,0.016960244854492188132377705756,0.00840192099999999969517361364524,0.0241896610000000011897469676114,34.9050713780000023689353838563,247302090.033745735883712768555,,,,,4194304,0,209953,3984351,,89.5933867272235744394492940046,,0,0,0,0,0,0,,
scenario,50,16913829929373933304,2048,max_steps,-1,3538996,84.376239776611328125,8589934592,0.170839785999999993482134641454,35.0654609770000007529233698733,35.064738342999937970034807222,7.99929999999998285649394080821e-05,0.017121807117675781617638364196,0.00865447299999999933306504829034,0.0243184429999999986160563736348,35.2363007630000026892957976088,244968534.6396636962890625,,,,,4194304,0,210074,3984230,,88.8250929288720811882740235887,,0,0,0,0,0,0,,
scenario,51,3839897820435988062,2048,max_steps,-1,3539493,84.38808917999267578125,8589934592,0.170498845000000009974883141695,35.5324723640000001978478394449,35.5317585489999459014143212698,8.16559999999995719159942564325e-05,0.0173498400214843750966053903539,0.00862122499999999972186692787091,0.0351605840000000016698500360235,35.7029712089999975432874634862,241748857.326994180679321289062,,,,,4194304,0,209238,3985066,,88.8189304769356340329977683723,,0,0,0,0,0,0,,
scenario,52,13388075722384970916,2048,max_steps,-1,3547243,84.57286357879638671875,8589934592,0.171738030000000013730598880102,35.1160846080000013103017408866,35.1154722989999683591122447979,8.51219999999993384926302852911e-05,0.0171465256875000006397957719173,0.00852343199999999918958781819356,0.0304560730000000001727045173538,35.2878226380000015183213690761,244615386.022935956716537475586,,,,,4194304,0,210194,3984110,,89.0347656063713088769873138517,,0,0,0,0,0,0,,
scenario,53,16646762819431257605,2048,max_steps,-1,3545438,84.5298290252685546875,8589934592,0.170389455999999994695315308491,34.8841130059999997570230334532,34.8832124869999731231473560911,0.000117821999999999564123602524557,0.0170332583037109373813589030533,0.00850128999999999988845811316196,0.0253558600000000008978240373381,35.0545024620000020831867004745,246242023.998791307210922241211,,,,,4194304,0,209877,3984427,,88.9823806534791543754181475379,,0,0,0,0,0,0,,
scenario,54,12525321190559984505,2048,max_steps,-1,3544638,84.5107555389404296875,8589934592,0.168917584000000009503139608569,35.001526947000002110144123435,35.0006573990000475760098197497,0.000103175999999999907976583335412,0.017090589329589844780343810271,0.00855533500000000071694650216614,0.0286861409999999983355678523367,35.1704445310000011204465408809,245415995.850896656513214111328,,,,,4194304,0,209515,3984789,,88.9542206626247917711225454696,,0,0,0,0,0,0,,
scenario,55,14962512973668281169,2048,max_steps,-1,3554261,84.74018573760986328125,8589934592,0.171707876000000009275581192014,35.5735430940000014743418432772,35.5728135350000016501326172147,7.8946999999999689840747552072e-05,0.0173698940888671882198934781627,0.00850527600000000084945472877962,0.0305224439999999992700896456199,35.7452509700000007342168828472,241469750.96919199824333190918,,,,,4194304,0,208884,3985420,,89.18159190248455558958085021,,0,0,0,0,0,0,,
scenario,56,14334628126266099935,2048,max_steps,-1,3548911,84.61263179779052734375,8589934592,0.169839625999999993544165022286,35.0578978690000013784811017103,35.0573100589999668841301172506,8.35519999999994331454922225078e-05,0.0171181141938476569230864754445,0.00853793899999999959804508620209,0.0284526810000000004996500990728,35.2277374949999995124017004855,245021382.174647241830825805664,,,,,4194304,0,210862,3983442,,89.0915695521611752383250859566,,0,0,0,0,0,0,,
scenario,57,7933164402389500867,2048,max_steps,-1,3564957,84.99519824981689453125,8589934592,0.169886739000000008825708164295,34.8741868469999971580364217516,34.8732058409999154946490307339,0.000116635999999999565653226174522,0.0170284115463867173623224715584,0.00841992599999999945248330135428,0.0245301490000000010915925940935,35.044073585999996112150256522,246312111.295548021793365478516,,,,,4194304,0,210118,3984186,,89.4776749880653170521327410825,,0,0,0,0,0,0,,
scenario,58,14691267428752285493,2048,max_steps,-1,3537751,84.34655666351318359375,8589934592,0.169988949000000000300047986457,35.0463502690000012762538972311,35.0456192779998616515513276681,7.26499999999998549932503366655e-05,0.0171124757172851568731708482574,0.00854173899999999958199126126601,0.0243453349999999991981614044789,35.2163392180000016651320038363,245102115.514669299125671386719,,,,,4194304,0,209408,3984896,,88.779004521071570366075320635,,0,0,0,0,0,0,,
scenario,59,15282654494084435516,2048,max_steps,-1,3541276,84.430599212646484375,8589934592,0.172375251000000007106649491107,35.5850875160000015284822438844,35.5842836350000197853660210967,8.92369999999995659094656486054e-05,0.0173755310136718757463292206467,0.00864739599999999990209698097487,0.0351235829999999998873860818094,35.7574627669999998147432052065,241391413.977490901947021484375,,,,,4194304,0,209494,3984810,,88.8693814761556950543308630586,,0,0,0,0,0,0,,
scenario,60,12393440694981083178,2048,max_steps,-1,3552801,84.70537662506103515625,8589934592,0.171813892999999995314652778688,35.0646936489999987429655448068,35.0640722650000355997690348886,8.94669999999993519491231497298e-05,0.0171214324458007806362136449252,0.00860470600000000016005508030048,0.0298360790000000014599024211748,35.2365075419999982386798365042,244973895.337168425321578979492,,,,,4194304,0,210324,3983980,,89.1771796043152846777957165614,,0,0,0,0,0,0,,
scenario,61,6055917571765099827,2048,max_steps,-1,3537838,84.3486309051513671875,8589934592,0.170922889999999993992929603337,34.9978452470000007679118425585,34.9970156969999237617230392061,9.02329999999994459202942720388e-05,0.0170887916245117191249569543743,0.00857437900000000002842526214408,0.0244253400000000002456612691049,35.1687681370000007063936209306,245441813.099517196416854858398,,,,,4194304,0,210441,3983863,,88.8042083776475266176930745132,,0,0,0,0,0,0,,
scenario,62,10058118387567669644,2048,max_steps,-1,3546917,84.56509113311767578125,8589934592,0.171075374000000002272514620927,35.0280263430000005087094905321,35.0272906399998973370202293154,7.75219999999996687558775909643e-05,0.0171035284877929689983933059239,0.00860641099999999957537166750399,0.0243571570000000008071605606119,35.1991017169999977909355948213,245230333.787179321050643920898,,,,,4194304,0,210012,3984292,,89.022516421989152490823471453,,0,0,0,0,0,0,,
scenario,63,8139622374789427684,2048,max_steps,-1,3542111,84.45050716400146484375,8589934592,0.174309836999999995255095086577,35.5372638260000002219385351054,35.5365669759999960319873935077,7.33629999999995752527071068982e-05,0.0173521796025390626083684253445,0.00862368999999999982786214047792,0.034571817999999997217397407212,35.711573663000002909484464908,241716262.514149367809295654297,,,,,4194304,0,210227,3984077,,88.9066903074413517060747835785,,0,0,0,0,0,0,,
scenario,64,11092436034944065043,2048,max_steps,-1,3532030,84.2101573944091796875,8589934592,0.171818081000000011382411457816,35.2131052479999979709646140691,35.2125106369999727462527516764,9.13909999999992610220100885954e-05,0.0171938990468749990092600654634,0.00858156099999999970318054209883,0.0265029310000000004055031865846,35.3849233289999958174121275079,243941411.343945115804672241211,,,,,4194304,0,209644,3984660,,88.6406870347783808483654865995,,0,0,0,0,0,0,,
scenario,65,6290990699336910113,2048,max_steps,-1,3540190,84.4047069549560546875,8589934592,0.171032809000000007859654260756,34.9337182029999979704371071421,34.9328604789999914714826445561,9.65309999999992558554484656241e-05,0.0170574795913085927590024937217,0.00855183699999999963337060648882,0.0242224029999999999895887725643,35.104751012000001253454684047,245892365.137997925281524658203,,,,,4194304,0,210551,3983753,,88.8657002580230255261994898319,,0,0,0,0,0,0,,
scenario,66,5780937049976526098,2048,max_steps,-1,3544893,84.51683521270751953125,8589934592,0.170105931999999987480620688984,35.0587325420000013309618225321,35.0579647609999227597654680721,8.74629999999998366654735404424e-05,0.0171185217490234381498837024083,0.00860350600000000034772718038312,0.025418504000000001485926048872,35.2288384739999997918857843615,245015548.742651969194412231445,,,,,4194304,0,209769,3984535,,88.9662909222782616325275739655,,0,0,0,0,0,0,,
scenario,67,13814233351210121760,2048,max_steps,-1,3543908,84.493350982666015625,8589934592,0.170249993999999987837057346951,35.4895857819999989146708685439,35.4888612069999780374018882867,7.46639999999994870717029415985e-05,0.0173288993076171869700541350312,0.00859100900000000014533618752921,0.0350927539999999968389765570009,35.6598357760000013172430044506,242040993.230096757411956787109,,,,,4194304,0,208907,3985397,,88.9223332079589567911170888692,,0,0,0,0,0,0,,
scenario,68,5487219501380645005,2048,max_steps,-1,3542032,84.4486236572265625,8589934592,0.171804275000000006290434839684,35.0890369390000032012721931096,35.088436092999927495839074254,9.0197999999999369175399110965e-05,0.0171333188178710953131211880418,0.00858534900000000079922646278874,0.0290287309999999985909990840582,35.260841214000002707962266868,244803942.807921439409255981445,,,,,4194304,0,210245,3984059,,88.9051090859849182379548437893,,0,0,0,0,0,0,,
scenario,69,16732232723073609656,2048,max_steps,-1,3543832,84.49153900146484375,8589934592,0.170440242999999991280191125043,34.9040868720000005964720912743,34.9031163200000165147685038392,0.000128072000000000016557699655806,0.0170430111679687502912461383175,0.00851784199999999942776174322034,0.02413757199999999950024154316,35.0745271150000021975756681059,246101111.984420120716094970703,,,,,4194304,0,209423,3984881,,88.9319405021128659427631646395,,0,0,0,0,0,0,,
scenario,70,10943132242690271813,2048,max_steps,-1,3546567,84.55674648284912109375,8589934592,0.170835589000000009907154208122,35.0710336710000021298583305907,35.0702625799999623268377035856,8.13939999999995937368310605642e-05,0.0171245281596679697899698879837,0.0086531400000000001371258662175,0.0246496029999999990978132302644,35.2418692600000014181205187924,244929609.79085591435432434082,,,,,4194304,0,209095,3985209,,88.9932497894087930490059079602,,0,0,0,0,0,0,,
scenario,71,13486510952313462230,2048,max_steps,-1,3544712,84.51251983642578125,8589934592,0.179718836999999992398713288821,35.4757314069999978300984366797,35.4749685919999322436524380464,8.91989999999996858743439576145e-05,0.017322134476074217690477752285,0.00862881000000000064620309103702,0.0327439839999999968145338868908,35.6554502440000007368325896095,242135517.755810171365737915039,,,,,4194304,0,209931,3984373,,88.9653654414383368020935449749,,0,0,0,0,0,0,,
scenario,72,6847961893822489814,2048,max_steps,-1,3527191,84.09478664398193359375,8589934592,0.172118971000000009485830787526,35.1245981309999990571668604389,35.1239852739999705022455600556,8.26349999999994959658938809e-05,0.0171506826811523432896322560737,0.00863064499999999928947502780829,0.0263341620000000012358221113118,35.2967171020000023418106138706,244556095.986156255006790161133,,,,,4194304,0,209723,3984581,,88.5210013298763414013592409901,,0,0,0,0,0,0,,
scenario,73,9713467444808249386,2048,max_steps,-1,3537289,84.33554172515869140625,8589934592,0.169630984000000012423825523911,34.9399911659999986568436725065,34.938910961999944504441373283,0.000138958000000000142385228607544,0.0170605425615234368441619494661,0.00852398400000000007470379870256,0.0245594849999999989553778334539,35.1096221499999998627572495025,245848218.76998183131217956543,,,,,4194304,0,209777,3984527,,88.775631335915150543769414071,,0,0,0,0,0,0,,
scenario,74,7626640261620237420,2048,max_steps,-1,3537552,84.3418121337890625,8589934592,0.170354005000000002789661834868,35.0725892939999965847164276056,35.0717553289999557364353677258,9.93599999999995636863758807777e-05,0.0171252877412109358323810681668,0.00857805799999999951666040942655,0.0250170010000000005156994831168,35.2429432989999966707728162874,244918746.089542746543884277344,,,,,4194304,0,209577,3984727,,88.7777757422277602472604485229,,0,0,0,0,0,0,,
scenario,75,18218258769073737891,2048,max_steps,-1,3528945,84.13660526275634765625,8589934592,0.172317421999999997872521362297,35.4395403990000019689432519954,35.438755745999905855114775477,8.94469999999995249353318405028e-05,0.0173044630854492197113980722634,0.00866968800000000004712941148455,0.0279051950000000006935074736703,35.611857821000000967615051195,242382787.566917270421981811523,,,,,4194304,0,210020,3984284,,88.5716229063992415149186854251,,0,0,0,0,0,0,,
scenario,76,15254553026717545900,2048,max_steps,-1,3551365,84.67113971710205078125,8589934592,0.171258211999999993002674614218,35.0601770920000035403063520789,35.0595755019999657520202163141,8.67669999999994353981694339417e-05,0.017119227095703126728665210976,0.00850200100000000034972114093534,0.0276576460000000010075460465941,35.231435304000001451640855521,245005453.607935220003128051758,,,,,4194304,0,209353,3984951,,89.1194145172675860067101893947,,0,0,0,0,0,0,,
scenario,77,13537467261995652366,2048,max_steps,-1,3557906,84.8270893096923828125,8589934592,0.168593861000000011518551445988,34.9119740650000025539156922605,34.9109158680000035701596061699,0.000136218999999999977688208696591,0.0170468623364257824970291466116,0.0084395129999999991821102440781,0.0249302100000000012580692043684,35.0805679260000005115216481499,246045513.668377518653869628906,,,,,4194304,0,209438,3984866,,89.2854615437507845854270271957,,0,0,0,0,0,0,,
scenario,78,5217888804532515735,2048,max_steps,-1,3546855,84.56361293792724609375,8589934592,0.169621874000000005811017445012,34.9789431769999978882879076991,34.9782346059999511567184526939,7.73289999999996521384132419641e-05,0.0170795620981445302188905799312,0.00858919900000000048623238768641,0.0241719659999999995914077288717,35.148565050999998504721588688,245574445.98978659510612487793,,,,,4194304,0,209983,3984321,,89.0203123694099929252843139693,,0,0,0,0,0,0,,
scenario,79,10326598096774821093,2048,max_steps,-1,3545230,84.5248699188232421875,8589934592,0.172203584999999992355412814504,35.3492406230000000277868821286,35.3485352070000615753997408319,7.24679999999997540753929325952e-05,0.0172603713979492187635678135393,0.00867212200000000085764462198767,0.0309581500000000002514877195381,35.5214442079999983548077580053,243001955.363390594720840454102,,,,,4194304,0,210133,3984171,,88.9828774919550369304488413036,,0,0,0,0,0,0,,
batch,,,,,,,84.48003232479095458984375,687194767360,13.8148596539999957144573272672,713.623547313000017311424016953,702.811614175500039891630876809,0.00215746749999999511832049492455,0.0171588941669433558967483577362,,,713.623547313000017311424016953,962965375.71873569488525390625,35.3141009995749897143468842842,80,0,80,,,,,,,0,,,,,,,0,0
